id,cast_id,character,credit_id,gender,name,order,profile_path
862,,,,,,,
8844,,,,,,,
15602,2.0,Max Goldman,52fe466a9251416c75077a8d,2.0,Walter Matthau,0.0,/xJVkvprOnzP5Zdh5y63y8HHniDZ.jpg
15602,3.0,John Gustafson,52fe466a9251416c75077a91,2.0,Jack Lemmon,1.0,/chZmNRYMtqkiDlatprGDH4BzGqG.jpg
15602,4.0,Ariel Gustafson,52fe466a9251416c75077a95,1.0,Ann-Margret,2.0,/jx5lTaJ5VXZHYB52gaOTAZ9STZk.jpg
15602,5.0,Maria Sophia Coletta Ragetti,52fe466a9251416c75077a99,1.0,Sophia Loren,3.0,/emKLhbji1c7BjcA2DdbWf0EP9zH.jpg
15602,6.0,Melanie Gustafson,52fe466a9251416c75077a9d,1.0,Daryl Hannah,4.0,/4LLmp6AQdlj6ueGCRbVRSGvvFSt.jpg
15602,9.0,Grandpa Gustafson,53e5fcc2c3a3684430000d65,2.0,Burgess Meredith,5.0,/lm98oKloU33Q7QDIIMSyc4Pr2jA.jpg
15602,10.0,Jacob Goldman,53e5fcd4c3a3684433000e1a,2.0,Kevin Pollak,6.0,/kwu2T8CDnThZTzE88uiSgJ5eHXf.jpg
31357,,,,,,,
11862,1.0,George Banks,52fe44959251416c75039eb9,2.0,Steve Martin,0.0,/rI2EMvkfKKPKa5z0nM2pFVBtUyO.jpg
11862,2.0,Nina Banks,52fe44959251416c75039ebd,1.0,Diane Keaton,1.0,/fzgUMnbOkxC6E3EFcYHWHFaiKyp.jpg
11862,3.0,Franck Eggelhoffer,52fe44959251416c75039ec1,2.0,Martin Short,2.0,/oZQorXBjTxrdkTJFpoDwOcQ91ji.jpg
11862,4.0,Annie Banks-MacKenzie,52fe44959251416c75039ec5,1.0,Kimberly Williams-Paisley,3.0,/nVp4F4VFqVvjh6huOULUQoiAguY.jpg
11862,13.0,Bryan MacKenzie,52fe44959251416c75039ef3,2.0,George Newbern,4.0,/48Ouqe1g8QrZ6qjvap5NvhfKuly.jpg
11862,14.0,Matty Banks,52fe44959251416c75039ef7,0.0,Kieran Culkin,5.0,/swcqQCMREeGCk6FAxIfczGpFBys.jpg
11862,15.0,Howard Weinstein,52fe44959251416c75039efb,2.0,BD Wong,6.0,/o8JUV37KWNorHOabp3zyD756oE3.jpg
11862,16.0,John MacKenzie,52fe44959251416c75039eff,2.0,Peter Michael Goetz,7.0,/a2hLcCidETgwlVyQnYy4kXVKUcn.jpg
11862,17.0,Joanna MacKenzie,52fe44959251416c75039f03,1.0,Kate McGregor-Stewart,8.0,/vsvdAmMZgX85AvnVFd4jigOUipZ.jpg
11862,18.0,Dr. Megan Eisenberg,52fe44959251416c75039f07,1.0,Jane Adams,9.0,/HbQfL01xmV1psnh0WvldIBzDg3.jpg
11862,19.0,Mr. Habib,52fe44959251416c75039f0b,2.0,Eugene Levy,10.0,/69IBiDjU1gSqtrcGOA7PA7aEYsc.jpg
11862,20.0,Wife Mrs. Habib,57ffa654c3a3681552000277,1.0,Lori Alan,11.0,/mNfJWzuaKgkIaK7CuirXOMosd2h.jpg
949,,,,,,,
